,timestamp,cpu_utilization,device_name,vendor,model,os,version,hw_revision,role,ip_address,mem_utilization
0,1743516061,,E-1-1,Meraki,MX450,meraki,18.101,hw-mx450-0001,vedge_hub,10.3.1.1,30.0
1,1743516061,33,E-1-1,Meraki,MX450,meraki,18.101,hw-mx450-0001,vedge_hub,10.3.1.1,
2,1743516061,,E-1-2,Meraki,MX450,meraki,18.101,hw-mx450-0001,vedge_hub,10.3.1.2,32.0
3,1743516061,32,E-1-2,Meraki,MX450,meraki,18.101,hw-mx450-0001,vedge_hub,10.3.1.2,
4,1743516061,,E-2-1,Meraki,MX67,meraki,16.16,hw-mx67-0001,vedge_branch,10.3.2.1,30.0
5,1743516061,33,E-2-1,Meraki,MX67,meraki,16.16,hw-mx67-0001,vedge_branch,10.3.2.1,
6,1743516061,,E-2-2,Meraki,MX67,meraki,16.16,hw-mx67-0001,vedge_branch,10.3.2.2,31.0
7,1743516061,30,E-2-2,Meraki,MX67,meraki,16.16,hw-mx67-0001,vedge_branch,10.3.2.2,
8,1743516061,,E-3-1,Meraki,MX67,meraki,16.16,hw-mx67-0001,vedge_branch,10.3.3.1,34.0
9,1743516061,32,E-3-1,Meraki,MX67,meraki,16.16,hw-mx67-0001,vedge_branch,10.3.3.1,
10,1743516061,,E-3-2,Meraki,MX67,meraki,16.16,hw-mx67-0001,vedge_branch,10.3.3.2,33.0
11,1743516061,30,E-3-2,Meraki,MX67,meraki,16.16,hw-mx67-0001,vedge_branch,10.3.3.2,
12,1743516061,,E-4-1,Meraki,MX67,meraki,16.16,hw-mx67-0001,vedge_branch,10.3.4.1,31.0
13,1743516061,30,E-4-1,Meraki,MX67,meraki,16.16,hw-mx67-0001,vedge_branch,10.3.4.1,
14,1743516061,,E-4-2,Meraki,MX67,meraki,16.16,hw-mx67-0001,vedge_branch,10.3.4.2,34.0
15,1743516061,30,E-4-2,Meraki,MX67,meraki,16.16,hw-mx67-0001,vedge_branch,10.3.4.2,
16,1743516061,,E-5-1,Meraki,MX67,meraki,16.16,hw-mx67-0001,vedge_branch,10.3.5.1,33.0
17,1743516061,32,E-5-1,Meraki,MX67,meraki,16.16,hw-mx67-0001,vedge_branch,10.3.5.1,
18,1743516061,,E-5-2,Meraki,MX67,meraki,16.16,hw-mx67-0001,vedge_branch,10.3.5.2,34.0
19,1743516061,34,E-5-2,Meraki,MX67,meraki,16.16,hw-mx67-0001,vedge_branch,10.3.5.2,
20,1743516061,,E-6-1,Meraki,MX67,meraki,16.16,hw-mx67-0001,vedge_branch,10.3.6.1,30.0
21,1743516061,32,E-6-1,Meraki,MX67,meraki,16.16,hw-mx67-0001,vedge_branch,10.3.6.1,
22,1743516061,,E-6-2,Meraki,MX67,meraki,16.16,hw-mx67-0001,vedge_branch,10.3.6.2,30.0
23,1743516061,30,E-6-2,Meraki,MX67,meraki,16.16,hw-mx67-0001,vedge_branch,10.3.6.2,
24,1743516061,,E-7-1,Meraki,MX67,meraki,16.16,hw-mx67-0001,vedge_branch,10.3.7.1,32.0
25,1743516061,31,E-7-1,Meraki,MX67,meraki,16.16,hw-mx67-0001,vedge_branch,10.3.7.1,
26,1743516061,,E-7-2,Meraki,MX67,meraki,16.16,hw-mx67-0001,vedge_branch,10.3.7.2,32.0
27,1743516061,32,E-7-2,Meraki,MX67,meraki,16.16,hw-mx67-0001,vedge_branch,10.3.7.2,
28,1743516061,,E-8-1,Meraki,MX67,meraki,16.16,hw-mx67-0001,vedge_branch,10.3.8.1,32.0
29,1743516061,34,E-8-1,Meraki,MX67,meraki,16.16,hw-mx67-0001,vedge_branch,10.3.8.1,
30,1743516061,,E-8-2,Meraki,MX67,meraki,16.16,hw-mx67-0001,vedge_branch,10.3.8.2,32.0
31,1743516061,33,E-8-2,Meraki,MX67,meraki,16.16,hw-mx67-0001,vedge_branch,10.3.8.2,
32,1743516061,,E-9-1,Meraki,MX67,meraki,16.16,hw-mx67-0001,vedge_branch,10.3.9.1,32.0
33,1743516061,32,E-9-1,Meraki,MX67,meraki,16.16,hw-mx67-0001,vedge_branch,10.3.9.1,
34,1743516061,,E-9-2,Meraki,MX67,meraki,16.16,hw-mx67-0001,vedge_branch,10.3.9.2,30.0
35,1743516061,31,E-9-2,Meraki,MX67,meraki,16.16,hw-mx67-0001,vedge_branch,10.3.9.2,
36,1743516061,,E-10-1,Meraki,MX67,meraki,16.16,hw-mx67-0001,vedge_branch,10.3.10.1,33.0
37,1743516061,30,E-10-1,Meraki,MX67,meraki,16.16,hw-mx67-0001,vedge_branch,10.3.10.1,
38,1743516061,,E-10-2,Meraki,MX67,meraki,16.16,hw-mx67-0001,vedge_branch,10.3.10.2,30.0
39,1743516061,34,E-10-2,Meraki,MX67,meraki,16.16,hw-mx67-0001,vedge_branch,10.3.10.2,
40,1743516061,,E-11-1,Meraki,MX67,meraki,16.16,hw-mx67-0001,vedge_branch,10.3.11.1,30.0
41,1743516061,31,E-11-1,Meraki,MX67,meraki,16.16,hw-mx67-0001,vedge_branch,10.3.11.1,
42,1743516061,,E-11-2,Meraki,MX67,meraki,16.16,hw-mx67-0001,vedge_branch,10.3.11.2,31.0
43,1743516061,32,E-11-2,Meraki,MX67,meraki,16.16,hw-mx67-0001,vedge_branch,10.3.11.2,
44,1743516061,,E-12-1,Meraki,MX67,meraki,16.16,hw-mx67-0001,vedge_branch,10.3.12.1,31.0
45,1743516061,33,E-12-1,Meraki,MX67,meraki,16.16,hw-mx67-0001,vedge_branch,10.3.12.1,
46,1743516061,,E-12-2,Meraki,MX67,meraki,16.16,hw-mx67-0001,vedge_branch,10.3.12.2,31.0
47,1743516061,31,E-12-2,Meraki,MX67,meraki,16.16,hw-mx67-0001,vedge_branch,10.3.12.2,
48,1743516061,,E-13-1,Meraki,MX67,meraki,16.16,hw-mx67-0001,vedge_branch,10.3.13.1,31.0
49,1743516061,32,E-13-1,Meraki,MX67,meraki,16.16,hw-mx67-0001,vedge_branch,10.3.13.1,
50,1743516061,,E-13-2,Meraki,MX67,meraki,16.16,hw-mx67-0001,vedge_branch,10.3.13.2,34.0
51,1743516061,34,E-13-2,Meraki,MX67,meraki,16.16,hw-mx67-0001,vedge_branch,10.3.13.2,
52,1743516061,,E-14-1,Meraki,MX67,meraki,16.16,hw-mx67-0001,vedge_branch,10.3.14.1,32.0
53,1743516061,34,E-14-1,Meraki,MX67,meraki,16.16,hw-mx67-0001,vedge_branch,10.3.14.1,
54,1743516061,,E-14-2,Meraki,MX67,meraki,16.16,hw-mx67-0001,vedge_branch,10.3.14.2,31.0
55,1743516061,30,E-14-2,Meraki,MX67,meraki,16.16,hw-mx67-0001,vedge_branch,10.3.14.2,
56,1743516061,,E-15-1,Meraki,MX67,meraki,16.16,hw-mx67-0001,vedge_branch,10.3.15.1,33.0
57,1743516061,32,E-15-1,Meraki,MX67,meraki,16.16,hw-mx67-0001,vedge_branch,10.3.15.1,
58,1743516061,,E-15-2,Meraki,MX67,meraki,16.16,hw-mx67-0001,vedge_branch,10.3.15.2,34.0
59,1743516061,33,E-15-2,Meraki,MX67,meraki,16.16,hw-mx67-0001,vedge_branch,10.3.15.2,
60,1743516061,,E-16-1,Meraki,MX67,meraki,16.16,hw-mx67-0001,vedge_branch,10.3.16.1,33.0
61,1743516061,33,E-16-1,Meraki,MX67,meraki,16.16,hw-mx67-0001,vedge_branch,10.3.16.1,
62,1743516061,,E-16-2,Meraki,MX67,meraki,16.16,hw-mx67-0001,vedge_branch,10.3.16.2,32.0
63,1743516061,31,E-16-2,Meraki,MX67,meraki,16.16,hw-mx67-0001,vedge_branch,10.3.16.2,
64,1743516061,,E-17-1,Meraki,MX67,meraki,16.16,hw-mx67-0001,vedge_branch,10.3.17.1,30.0
65,1743516061,30,E-17-1,Meraki,MX67,meraki,16.16,hw-mx67-0001,vedge_branch,10.3.17.1,
66,1743516061,,E-17-2,Meraki,MX67,meraki,16.16,hw-mx67-0001,vedge_branch,10.3.17.2,30.0
67,1743516061,32,E-17-2,Meraki,MX67,meraki,16.16,hw-mx67-0001,vedge_branch,10.3.17.2,
68,1743516061,,E-18-1,Meraki,MX67,meraki,16.16,hw-mx67-0001,vedge_branch,10.3.18.1,32.0
69,1743516061,30,E-18-1,Meraki,MX67,meraki,16.16,hw-mx67-0001,vedge_branch,10.3.18.1,
70,1743516061,,E-18-2,Meraki,MX67,meraki,16.16,hw-mx67-0001,vedge_branch,10.3.18.2,33.0
71,1743516061,30,E-18-2,Meraki,MX67,meraki,16.16,hw-mx67-0001,vedge_branch,10.3.18.2,
72,1743516061,,E-19-1,Meraki,MX67,meraki,16.16,hw-mx67-0001,vedge_branch,10.3.19.1,34.0
73,1743516061,32,E-19-1,Meraki,MX67,meraki,16.16,hw-mx67-0001,vedge_branch,10.3.19.1,
74,1743516061,,E-19-2,Meraki,MX67,meraki,16.16,hw-mx67-0001,vedge_branch,10.3.19.2,34.0
75,1743516061,31,E-19-2,Meraki,MX67,meraki,16.16,hw-mx67-0001,vedge_branch,10.3.19.2,
76,1743516061,,E-20-1,Meraki,MX67,meraki,16.16,hw-mx67-0001,vedge_branch,10.3.20.1,33.0
77,1743516061,33,E-20-1,Meraki,MX67,meraki,16.16,hw-mx67-0001,vedge_branch,10.3.20.1,
78,1743516061,,E-20-2,Meraki,MX67,meraki,16.16,hw-mx67-0001,vedge_branch,10.3.20.2,32.0
79,1743516061,32,E-20-2,Meraki,MX67,meraki,16.16,hw-mx67-0001,vedge_branch,10.3.20.2,
80,1743516061,,E-21-1,Meraki,MX67,meraki,16.16,hw-mx67-0001,vedge_branch,10.3.21.1,31.0
81,1743516061,30,E-21-1,Meraki,MX67,meraki,16.16,hw-mx67-0001,vedge_branch,10.3.21.1,
82,1743516061,,E-21-2,Meraki,MX67,meraki,16.16,hw-mx67-0001,vedge_branch,10.3.21.2,33.0
83,1743516061,31,E-21-2,Meraki,MX67,meraki,16.16,hw-mx67-0001,vedge_branch,10.3.21.2,
84,1743516061,,E-22-1,Meraki,MX67,meraki,16.16,hw-mx67-0001,vedge_branch,10.3.22.1,33.0
85,1743516061,31,E-22-1,Meraki,MX67,meraki,16.16,hw-mx67-0001,vedge_branch,10.3.22.1,
86,1743516061,,E-22-2,Meraki,MX67,meraki,16.16,hw-mx67-0001,vedge_branch,10.3.22.2,32.0
87,1743516061,30,E-22-2,Meraki,MX67,meraki,16.16,hw-mx67-0001,vedge_branch,10.3.22.2,
88,1743516061,,E-23-1,Meraki,MX67,meraki,16.16,hw-mx67-0001,vedge_branch,10.3.23.1,32.0
89,1743516061,30,E-23-1,Meraki,MX67,meraki,16.16,hw-mx67-0001,vedge_branch,10.3.23.1,
90,1743516061,,E-23-2,Meraki,MX67,meraki,16.16,hw-mx67-0001,vedge_branch,10.3.23.2,34.0
91,1743516061,34,E-23-2,Meraki,MX67,meraki,16.16,hw-mx67-0001,vedge_branch,10.3.23.2,
92,1743516061,,E-24-1,Meraki,MX67,meraki,16.16,hw-mx67-0001,vedge_branch,10.3.24.1,32.0
93,1743516061,31,E-24-1,Meraki,MX67,meraki,16.16,hw-mx67-0001,vedge_branch,10.3.24.1,
94,1743516061,,E-24-2,Meraki,MX67,meraki,16.16,hw-mx67-0001,vedge_branch,10.3.24.2,30.0
95,1743516061,34,E-24-2,Meraki,MX67,meraki,16.16,hw-mx67-0001,vedge_branch,10.3.24.2,
96,1743516061,,E-25-1,Meraki,MX67,meraki,16.16,hw-mx67-0001,vedge_branch,10.3.25.1,30.0
97,1743516061,30,E-25-1,Meraki,MX67,meraki,16.16,hw-mx67-0001,vedge_branch,10.3.25.1,
98,1743516061,,E-25-2,Meraki,MX67,meraki,16.16,hw-mx67-0001,vedge_branch,10.3.25.2,32.0
99,1743516061,30,E-25-2,Meraki,MX67,meraki,16.16,hw-mx67-0001,vedge_branch,10.3.25.2,
100,1743516061,,E-26-1,Meraki,MX67,meraki,16.16,hw-mx67-0001,vedge_branch,10.3.26.1,33.0
101,1743516061,32,E-26-1,Meraki,MX67,meraki,16.16,hw-mx67-0001,vedge_branch,10.3.26.1,
102,1743516061,,E-26-2,Meraki,MX67,meraki,16.16,hw-mx67-0001,vedge_branch,10.3.26.2,32.0
103,1743516061,32,E-26-2,Meraki,MX67,meraki,16.16,hw-mx67-0001,vedge_branch,10.3.26.2,
104,1743516061,,E-27-1,Meraki,MX67,meraki,16.16,hw-mx67-0001,vedge_branch,10.3.27.1,30.0
105,1743516061,31,E-27-1,Meraki,MX67,meraki,16.16,hw-mx67-0001,vedge_branch,10.3.27.1,
106,1743516061,,E-27-2,Meraki,MX67,meraki,16.16,hw-mx67-0001,vedge_branch,10.3.27.2,34.0
107,1743516061,30,E-27-2,Meraki,MX67,meraki,16.16,hw-mx67-0001,vedge_branch,10.3.27.2,
108,1743516061,,E-28-1,Meraki,MX67,meraki,16.16,hw-mx67-0001,vedge_branch,10.3.28.1,33.0
109,1743516061,34,E-28-1,Meraki,MX67,meraki,16.16,hw-mx67-0001,vedge_branch,10.3.28.1,
110,1743516061,,E-28-2,Meraki,MX67,meraki,16.16,hw-mx67-0001,vedge_branch,10.3.28.2,32.0
111,1743516061,30,E-28-2,Meraki,MX67,meraki,16.16,hw-mx67-0001,vedge_branch,10.3.28.2,
112,1743516061,,E-29-1,Meraki,MX67,meraki,16.16,hw-mx67-0001,vedge_branch,10.3.29.1,31.0
113,1743516061,30,E-29-1,Meraki,MX67,meraki,16.16,hw-mx67-0001,vedge_branch,10.3.29.1,
114,1743516061,,E-29-2,Meraki,MX67,meraki,16.16,hw-mx67-0001,vedge_branch,10.3.29.2,30.0
115,1743516061,31,E-29-2,Meraki,MX67,meraki,16.16,hw-mx67-0001,vedge_branch,10.3.29.2,
116,1743516061,,E-30-1,Meraki,MX67,meraki,16.16,hw-mx67-0001,vedge_branch,10.3.30.1,31.0
117,1743516061,51,E-30-1,Meraki,MX67,meraki,16.16,hw-mx67-0001,vedge_branch,10.3.30.1,
118,1743516061,,E-30-2,Meraki,MX67,meraki,16.16,hw-mx67-0001,vedge_branch,10.3.30.2,33.0
119,1743516061,52,E-30-2,Meraki,MX67,meraki,16.16,hw-mx67-0001,vedge_branch,10.3.30.2,
120,1743516061,,E-31-1,Meraki,MX67,meraki,16.16,hw-mx67-0001,vedge_branch,10.3.31.1,32.0
121,1743516061,51,E-31-1,Meraki,MX67,meraki,16.16,hw-mx67-0001,vedge_branch,10.3.31.1,
122,1743516061,,E-31-2,Meraki,MX67,meraki,16.16,hw-mx67-0001,vedge_branch,10.3.31.2,30.0
123,1743516061,50,E-31-2,Meraki,MX67,meraki,16.16,hw-mx67-0001,vedge_branch,10.3.31.2,
124,1743516061,,E-32-1,Meraki,MX67,meraki,16.16,hw-mx67-0001,vedge_branch,10.3.32.1,31.0
125,1743516061,54,E-32-1,Meraki,MX67,meraki,16.16,hw-mx67-0001,vedge_branch,10.3.32.1,
126,1743516061,,E-32-2,Meraki,MX67,meraki,16.16,hw-mx67-0001,vedge_branch,10.3.32.2,31.0
127,1743516061,53,E-32-2,Meraki,MX67,meraki,16.16,hw-mx67-0001,vedge_branch,10.3.32.2,
128,1743516061,,E-33-1,Meraki,MX67,meraki,16.16,hw-mx67-0001,vedge_branch,10.3.33.1,33.0
129,1743516061,52,E-33-1,Meraki,MX67,meraki,16.16,hw-mx67-0001,vedge_branch,10.3.33.1,
130,1743516061,,E-33-2,Meraki,MX67,meraki,16.16,hw-mx67-0001,vedge_branch,10.3.33.2,33.0
131,1743516061,53,E-33-2,Meraki,MX67,meraki,16.16,hw-mx67-0001,vedge_branch,10.3.33.2,
132,1743516061,,E-34-1,Meraki,MX67,meraki,16.16,hw-mx67-0001,vedge_branch,10.3.34.1,30.0
133,1743516061,50,E-34-1,Meraki,MX67,meraki,16.16,hw-mx67-0001,vedge_branch,10.3.34.1,
134,1743516061,,E-34-2,Meraki,MX67,meraki,16.16,hw-mx67-0001,vedge_branch,10.3.34.2,31.0
135,1743516061,54,E-34-2,Meraki,MX67,meraki,16.16,hw-mx67-0001,vedge_branch,10.3.34.2,
136,1743516061,,E-35-1,Meraki,MX67,meraki,16.16,hw-mx67-0001,vedge_branch,10.3.35.1,32.0
137,1743516061,53,E-35-1,Meraki,MX67,meraki,16.16,hw-mx67-0001,vedge_branch,10.3.35.1,
138,1743516061,,E-35-2,Meraki,MX67,meraki,16.16,hw-mx67-0001,vedge_branch,10.3.35.2,31.0
139,1743516061,50,E-35-2,Meraki,MX67,meraki,16.16,hw-mx67-0001,vedge_branch,10.3.35.2,
140,1743516061,,E-36-1,Meraki,MX67,meraki,16.16,hw-mx67-0001,vedge_branch,10.3.36.1,31.0
141,1743516061,54,E-36-1,Meraki,MX67,meraki,16.16,hw-mx67-0001,vedge_branch,10.3.36.1,
142,1743516061,,E-36-2,Meraki,MX67,meraki,16.16,hw-mx67-0001,vedge_branch,10.3.36.2,34.0
143,1743516061,52,E-36-2,Meraki,MX67,meraki,16.16,hw-mx67-0001,vedge_branch,10.3.36.2,
144,1743516061,,E-37-1,Meraki,MX67,meraki,16.16,hw-mx67-0001,vedge_branch,10.3.37.1,33.0
145,1743516061,51,E-37-1,Meraki,MX67,meraki,16.16,hw-mx67-0001,vedge_branch,10.3.37.1,
146,1743516061,,E-37-2,Meraki,MX67,meraki,16.16,hw-mx67-0001,vedge_branch,10.3.37.2,33.0
147,1743516061,52,E-37-2,Meraki,MX67,meraki,16.16,hw-mx67-0001,vedge_branch,10.3.37.2,
148,1743516061,,E-38-1,Meraki,MX67,meraki,16.16,hw-mx67-0001,vedge_branch,10.3.38.1,34.0
149,1743516061,54,E-38-1,Meraki,MX67,meraki,16.16,hw-mx67-0001,vedge_branch,10.3.38.1,
150,1743516061,,E-38-2,Meraki,MX67,meraki,16.16,hw-mx67-0001,vedge_branch,10.3.38.2,30.0
151,1743516061,53,E-38-2,Meraki,MX67,meraki,16.16,hw-mx67-0001,vedge_branch,10.3.38.2,
152,1743516061,,E-39-1,Meraki,MX67,meraki,16.16,hw-mx67-0001,vedge_branch,10.3.39.1,34.0
153,1743516061,54,E-39-1,Meraki,MX67,meraki,16.16,hw-mx67-0001,vedge_branch,10.3.39.1,
154,1743516061,,E-39-2,Meraki,MX67,meraki,16.16,hw-mx67-0001,vedge_branch,10.3.39.2,33.0
155,1743516061,50,E-39-2,Meraki,MX67,meraki,16.16,hw-mx67-0001,vedge_branch,10.3.39.2,
156,1743516061,,E-40-1,Meraki,MX67,meraki,16.16,hw-mx67-0001,vedge_branch,10.3.40.1,31.0
157,1743516061,52,E-40-1,Meraki,MX67,meraki,16.16,hw-mx67-0001,vedge_branch,10.3.40.1,
158,1743516061,,E-40-2,Meraki,MX67,meraki,16.16,hw-mx67-0001,vedge_branch,10.3.40.2,34.0
159,1743516061,53,E-40-2,Meraki,MX67,meraki,16.16,hw-mx67-0001,vedge_branch,10.3.40.2,
160,1743516061,,E-41-1,Meraki,MX67,meraki,16.16,hw-mx67-0001,vedge_branch,10.3.41.1,33.0
161,1743516061,53,E-41-1,Meraki,MX67,meraki,16.16,hw-mx67-0001,vedge_branch,10.3.41.1,
162,1743516061,,E-41-2,Meraki,MX67,meraki,16.16,hw-mx67-0001,vedge_branch,10.3.41.2,33.0
163,1743516061,51,E-41-2,Meraki,MX67,meraki,16.16,hw-mx67-0001,vedge_branch,10.3.41.2,
164,1743516061,,E-42-1,Meraki,MX67,meraki,16.16,hw-mx67-0001,vedge_branch,10.3.42.1,30.0
165,1743516061,50,E-42-1,Meraki,MX67,meraki,16.16,hw-mx67-0001,vedge_branch,10.3.42.1,
166,1743516061,,E-42-2,Meraki,MX67,meraki,16.16,hw-mx67-0001,vedge_branch,10.3.42.2,33.0
167,1743516061,54,E-42-2,Meraki,MX67,meraki,16.16,hw-mx67-0001,vedge_branch,10.3.42.2,
168,1743516061,,E-43-1,Meraki,MX67,meraki,16.16,hw-mx67-0001,vedge_branch,10.3.43.1,34.0
169,1743516061,53,E-43-1,Meraki,MX67,meraki,16.16,hw-mx67-0001,vedge_branch,10.3.43.1,
170,1743516061,,E-43-2,Meraki,MX67,meraki,16.16,hw-mx67-0001,vedge_branch,10.3.43.2,33.0
171,1743516061,52,E-43-2,Meraki,MX67,meraki,16.16,hw-mx67-0001,vedge_branch,10.3.43.2,
172,1743516061,,E-44-1,Meraki,MX67,meraki,16.16,hw-mx67-0001,vedge_branch,10.3.44.1,32.0
173,1743516061,52,E-44-1,Meraki,MX67,meraki,16.16,hw-mx67-0001,vedge_branch,10.3.44.1,
174,1743516061,,E-44-2,Meraki,MX67,meraki,16.16,hw-mx67-0001,vedge_branch,10.3.44.2,34.0
175,1743516061,51,E-44-2,Meraki,MX67,meraki,16.16,hw-mx67-0001,vedge_branch,10.3.44.2,
176,1743516061,,E-45-1,Meraki,MX67,meraki,16.16,hw-mx67-0001,vedge_branch,10.3.45.1,34.0
177,1743516061,50,E-45-1,Meraki,MX67,meraki,16.16,hw-mx67-0001,vedge_branch,10.3.45.1,
178,1743516061,,E-45-2,Meraki,MX67,meraki,16.16,hw-mx67-0001,vedge_branch,10.3.45.2,30.0
179,1743516061,50,E-45-2,Meraki,MX67,meraki,16.16,hw-mx67-0001,vedge_branch,10.3.45.2,
180,1743516061,,E-46-1,Meraki,MX67,meraki,16.16,hw-mx67-0001,vedge_branch,10.3.46.1,31.0
181,1743516061,51,E-46-1,Meraki,MX67,meraki,16.16,hw-mx67-0001,vedge_branch,10.3.46.1,
182,1743516061,,E-46-2,Meraki,MX67,meraki,16.16,hw-mx67-0001,vedge_branch,10.3.46.2,32.0
183,1743516061,51,E-46-2,Meraki,MX67,meraki,16.16,hw-mx67-0001,vedge_branch,10.3.46.2,
184,1743516061,,E-47-1,Meraki,MX67,meraki,16.16,hw-mx67-0001,vedge_branch,10.3.47.1,31.0
185,1743516061,52,E-47-1,Meraki,MX67,meraki,16.16,hw-mx67-0001,vedge_branch,10.3.47.1,
186,1743516061,,E-47-2,Meraki,MX67,meraki,16.16,hw-mx67-0001,vedge_branch,10.3.47.2,31.0
187,1743516061,52,E-47-2,Meraki,MX67,meraki,16.16,hw-mx67-0001,vedge_branch,10.3.47.2,
188,1743516061,,E-48-1,Meraki,MX67,meraki,16.16,hw-mx67-0001,vedge_branch,10.3.48.1,33.0
189,1743516061,50,E-48-1,Meraki,MX67,meraki,16.16,hw-mx67-0001,vedge_branch,10.3.48.1,
190,1743516061,,E-48-2,Meraki,MX67,meraki,16.16,hw-mx67-0001,vedge_branch,10.3.48.2,30.0
191,1743516061,54,E-48-2,Meraki,MX67,meraki,16.16,hw-mx67-0001,vedge_branch,10.3.48.2,
192,1743516061,,E-49-1,Meraki,MX67,meraki,16.16,hw-mx67-0001,vedge_branch,10.3.49.1,33.0
193,1743516061,53,E-49-1,Meraki,MX67,meraki,16.16,hw-mx67-0001,vedge_branch,10.3.49.1,
194,1743516061,,E-49-2,Meraki,MX67,meraki,16.16,hw-mx67-0001,vedge_branch,10.3.49.2,30.0
195,1743516061,51,E-49-2,Meraki,MX67,meraki,16.16,hw-mx67-0001,vedge_branch,10.3.49.2,
196,1743516061,,E-50-1,Meraki,MX67,meraki,16.16,hw-mx67-0001,vedge_branch,10.3.50.1,34.0
197,1743516061,50,E-50-1,Meraki,MX67,meraki,16.16,hw-mx67-0001,vedge_branch,10.3.50.1,
198,1743516061,,E-50-2,Meraki,MX67,meraki,16.16,hw-mx67-0001,vedge_branch,10.3.50.2,31.0
199,1743516061,51,E-50-2,Meraki,MX67,meraki,16.16,hw-mx67-0001,vedge_branch,10.3.50.2,
200,1743516061,,E-51-1,Meraki,MX67,meraki,16.16,hw-mx67-0001,vedge_branch,10.3.51.1,34.0
201,1743516061,52,E-51-1,Meraki,MX67,meraki,16.16,hw-mx67-0001,vedge_branch,10.3.51.1,
202,1743516061,,E-51-2,Meraki,MX67,meraki,16.16,hw-mx67-0001,vedge_branch,10.3.51.2,34.0
203,1743516061,53,E-51-2,Meraki,MX67,meraki,16.16,hw-mx67-0001,vedge_branch,10.3.51.2,
204,1743516061,,E-52-1,Meraki,MX67,meraki,16.16,hw-mx67-0001,vedge_branch,10.3.52.1,32.0
205,1743516061,50,E-52-1,Meraki,MX67,meraki,16.16,hw-mx67-0001,vedge_branch,10.3.52.1,
206,1743516061,,E-52-2,Meraki,MX67,meraki,16.16,hw-mx67-0001,vedge_branch,10.3.52.2,30.0
207,1743516061,54,E-52-2,Meraki,MX67,meraki,16.16,hw-mx67-0001,vedge_branch,10.3.52.2,
208,1743516061,,E-53-1,Meraki,MX67,meraki,16.16,hw-mx67-0001,vedge_branch,10.3.53.1,31.0
209,1743516061,51,E-53-1,Meraki,MX67,meraki,16.16,hw-mx67-0001,vedge_branch,10.3.53.1,
210,1743516061,,E-53-2,Meraki,MX67,meraki,16.16,hw-mx67-0001,vedge_branch,10.3.53.2,30.0
211,1743516061,52,E-53-2,Meraki,MX67,meraki,16.16,hw-mx67-0001,vedge_branch,10.3.53.2,
212,1743516061,,E-54-1,Meraki,MX67,meraki,16.16,hw-mx67-0001,vedge_branch,10.3.54.1,31.0
213,1743516061,51,E-54-1,Meraki,MX67,meraki,16.16,hw-mx67-0001,vedge_branch,10.3.54.1,
214,1743516061,,E-54-2,Meraki,MX67,meraki,16.16,hw-mx67-0001,vedge_branch,10.3.54.2,32.0
215,1743516061,50,E-54-2,Meraki,MX67,meraki,16.16,hw-mx67-0001,vedge_branch,10.3.54.2,
216,1743516061,,E-55-1,Meraki,MX67,meraki,16.16,hw-mx67-0001,vedge_branch,10.3.55.1,31.0
217,1743516061,51,E-55-1,Meraki,MX67,meraki,16.16,hw-mx67-0001,vedge_branch,10.3.55.1,
218,1743516061,,E-55-2,Meraki,MX67,meraki,16.16,hw-mx67-0001,vedge_branch,10.3.55.2,34.0
219,1743516061,51,E-55-2,Meraki,MX67,meraki,16.16,hw-mx67-0001,vedge_branch,10.3.55.2,
220,1743516061,,E-56-1,Meraki,MX67,meraki,16.16,hw-mx67-0001,vedge_branch,10.3.56.1,34.0
221,1743516061,54,E-56-1,Meraki,MX67,meraki,16.16,hw-mx67-0001,vedge_branch,10.3.56.1,
222,1743516061,,E-56-2,Meraki,MX67,meraki,16.16,hw-mx67-0001,vedge_branch,10.3.56.2,31.0
223,1743516061,52,E-56-2,Meraki,MX67,meraki,16.16,hw-mx67-0001,vedge_branch,10.3.56.2,
224,1743516061,,E-57-1,Meraki,MX67,meraki,16.16,hw-mx67-0001,vedge_branch,10.3.57.1,32.0
225,1743516061,54,E-57-1,Meraki,MX67,meraki,16.16,hw-mx67-0001,vedge_branch,10.3.57.1,
226,1743516061,,E-57-2,Meraki,MX67,meraki,16.16,hw-mx67-0001,vedge_branch,10.3.57.2,30.0
227,1743516061,52,E-57-2,Meraki,MX67,meraki,16.16,hw-mx67-0001,vedge_branch,10.3.57.2,
228,1743516061,,E-58-1,Meraki,MX67,meraki,16.16,hw-mx67-0001,vedge_branch,10.3.58.1,33.0
229,1743516061,52,E-58-1,Meraki,MX67,meraki,16.16,hw-mx67-0001,vedge_branch,10.3.58.1,
230,1743516061,,E-58-2,Meraki,MX67,meraki,16.16,hw-mx67-0001,vedge_branch,10.3.58.2,31.0
231,1743516061,51,E-58-2,Meraki,MX67,meraki,16.16,hw-mx67-0001,vedge_branch,10.3.58.2,
232,1743516061,,E-59-1,Meraki,MX67,meraki,16.16,hw-mx67-0001,vedge_branch,10.3.59.1,32.0
233,1743516061,50,E-59-1,Meraki,MX67,meraki,16.16,hw-mx67-0001,vedge_branch,10.3.59.1,
234,1743516061,,E-59-2,Meraki,MX67,meraki,16.16,hw-mx67-0001,vedge_branch,10.3.59.2,34.0
235,1743516061,51,E-59-2,Meraki,MX67,meraki,16.16,hw-mx67-0001,vedge_branch,10.3.59.2,
236,1743516061,,E-60-1,Meraki,MX67,meraki,16.16,hw-mx67-0001,vedge_branch,10.3.60.1,34.0
237,1743516061,81,E-60-1,Meraki,MX67,meraki,16.16,hw-mx67-0001,vedge_branch,10.3.60.1,
238,1743516061,,E-60-2,Meraki,MX67,meraki,16.16,hw-mx67-0001,vedge_branch,10.3.60.2,34.0
239,1743516061,81,E-60-2,Meraki,MX67,meraki,16.16,hw-mx67-0001,vedge_branch,10.3.60.2,
240,1743516061,,E-61-1,Meraki,MX67,meraki,16.16,hw-mx67-0001,vedge_branch,10.3.61.1,33.0
241,1743516061,80,E-61-1,Meraki,MX67,meraki,16.16,hw-mx67-0001,vedge_branch,10.3.61.1,
242,1743516061,,E-61-2,Meraki,MX67,meraki,16.16,hw-mx67-0001,vedge_branch,10.3.61.2,34.0
243,1743516061,80,E-61-2,Meraki,MX67,meraki,16.16,hw-mx67-0001,vedge_branch,10.3.61.2,
244,1743516061,,E-62-1,Meraki,MX67,meraki,16.16,hw-mx67-0001,vedge_branch,10.3.62.1,34.0
245,1743516061,81,E-62-1,Meraki,MX67,meraki,16.16,hw-mx67-0001,vedge_branch,10.3.62.1,
246,1743516061,,E-62-2,Meraki,MX67,meraki,16.16,hw-mx67-0001,vedge_branch,10.3.62.2,32.0
247,1743516061,81,E-62-2,Meraki,MX67,meraki,16.16,hw-mx67-0001,vedge_branch,10.3.62.2,
248,1743516061,,E-63-1,Meraki,MX67,meraki,16.16,hw-mx67-0001,vedge_branch,10.3.63.1,30.0
249,1743516061,80,E-63-1,Meraki,MX67,meraki,16.16,hw-mx67-0001,vedge_branch,10.3.63.1,
250,1743516061,,E-63-2,Meraki,MX67,meraki,16.16,hw-mx67-0001,vedge_branch,10.3.63.2,31.0
251,1743516061,80,E-63-2,Meraki,MX67,meraki,16.16,hw-mx67-0001,vedge_branch,10.3.63.2,
252,1743516061,,E-64-1,Meraki,MX67,meraki,16.16,hw-mx67-0001,vedge_branch,10.3.64.1,32.0
253,1743516061,80,E-64-1,Meraki,MX67,meraki,16.16,hw-mx67-0001,vedge_branch,10.3.64.1,
254,1743516061,,E-64-2,Meraki,MX67,meraki,16.16,hw-mx67-0001,vedge_branch,10.3.64.2,30.0
255,1743516061,81,E-64-2,Meraki,MX67,meraki,16.16,hw-mx67-0001,vedge_branch,10.3.64.2,
256,1743516061,,E-65-1,Meraki,MX67,meraki,16.16,hw-mx67-0001,vedge_branch,10.3.65.1,34.0
257,1743516061,81,E-65-1,Meraki,MX67,meraki,16.16,hw-mx67-0001,vedge_branch,10.3.65.1,
258,1743516061,,E-65-2,Meraki,MX67,meraki,16.16,hw-mx67-0001,vedge_branch,10.3.65.2,33.0
259,1743516061,81,E-65-2,Meraki,MX67,meraki,16.16,hw-mx67-0001,vedge_branch,10.3.65.2,
260,1743516061,,E-66-1,Meraki,MX67,meraki,16.16,hw-mx67-0001,vedge_branch,10.3.66.1,31.0
261,1743516061,81,E-66-1,Meraki,MX67,meraki,16.16,hw-mx67-0001,vedge_branch,10.3.66.1,
262,1743516061,,E-66-2,Meraki,MX67,meraki,16.16,hw-mx67-0001,vedge_branch,10.3.66.2,34.0
263,1743516061,80,E-66-2,Meraki,MX67,meraki,16.16,hw-mx67-0001,vedge_branch,10.3.66.2,
264,1743516061,,E-67-1,Meraki,MX67,meraki,16.16,hw-mx67-0001,vedge_branch,10.3.67.1,32.0
265,1743516061,81,E-67-1,Meraki,MX67,meraki,16.16,hw-mx67-0001,vedge_branch,10.3.67.1,
266,1743516061,,E-67-2,Meraki,MX67,meraki,16.16,hw-mx67-0001,vedge_branch,10.3.67.2,30.0
267,1743516061,81,E-67-2,Meraki,MX67,meraki,16.16,hw-mx67-0001,vedge_branch,10.3.67.2,
268,1743516061,,E-68-1,Meraki,MX67,meraki,16.16,hw-mx67-0001,vedge_branch,10.3.68.1,31.0
269,1743516061,80,E-68-1,Meraki,MX67,meraki,16.16,hw-mx67-0001,vedge_branch,10.3.68.1,
270,1743516061,,E-68-2,Meraki,MX67,meraki,16.16,hw-mx67-0001,vedge_branch,10.3.68.2,32.0
271,1743516061,81,E-68-2,Meraki,MX67,meraki,16.16,hw-mx67-0001,vedge_branch,10.3.68.2,
272,1743516061,,E-69-1,Meraki,MX67,meraki,16.16,hw-mx67-0001,vedge_branch,10.3.69.1,33.0
273,1743516061,81,E-69-1,Meraki,MX67,meraki,16.16,hw-mx67-0001,vedge_branch,10.3.69.1,
274,1743516061,,E-69-2,Meraki,MX67,meraki,16.16,hw-mx67-0001,vedge_branch,10.3.69.2,30.0
275,1743516061,80,E-69-2,Meraki,MX67,meraki,16.16,hw-mx67-0001,vedge_branch,10.3.69.2,
276,1743516061,,E-70-1,Meraki,MX67,meraki,16.16,hw-mx67-0001,vedge_branch,10.3.70.1,33.0
277,1743516061,80,E-70-1,Meraki,MX67,meraki,16.16,hw-mx67-0001,vedge_branch,10.3.70.1,
278,1743516061,,E-70-2,Meraki,MX67,meraki,16.16,hw-mx67-0001,vedge_branch,10.3.70.2,32.0
279,1743516061,80,E-70-2,Meraki,MX67,meraki,16.16,hw-mx67-0001,vedge_branch,10.3.70.2,
280,1743516061,,E-71-1,Meraki,MX67,meraki,16.16,hw-mx67-0001,vedge_branch,10.3.71.1,32.0
281,1743516061,81,E-71-1,Meraki,MX67,meraki,16.16,hw-mx67-0001,vedge_branch,10.3.71.1,
282,1743516061,,E-71-2,Meraki,MX67,meraki,16.16,hw-mx67-0001,vedge_branch,10.3.71.2,31.0
283,1743516061,81,E-71-2,Meraki,MX67,meraki,16.16,hw-mx67-0001,vedge_branch,10.3.71.2,
284,1743516061,,E-72-1,Meraki,MX67,meraki,16.16,hw-mx67-0001,vedge_branch,10.3.72.1,32.0
285,1743516061,80,E-72-1,Meraki,MX67,meraki,16.16,hw-mx67-0001,vedge_branch,10.3.72.1,
286,1743516061,,E-72-2,Meraki,MX67,meraki,16.16,hw-mx67-0001,vedge_branch,10.3.72.2,34.0
287,1743516061,80,E-72-2,Meraki,MX67,meraki,16.16,hw-mx67-0001,vedge_branch,10.3.72.2,
288,1743516061,,E-73-1,Meraki,MX67,meraki,16.16,hw-mx67-0001,vedge_branch,10.3.73.1,31.0
289,1743516061,80,E-73-1,Meraki,MX67,meraki,16.16,hw-mx67-0001,vedge_branch,10.3.73.1,
290,1743516061,,E-73-2,Meraki,MX67,meraki,16.16,hw-mx67-0001,vedge_branch,10.3.73.2,31.0
291,1743516061,80,E-73-2,Meraki,MX67,meraki,16.16,hw-mx67-0001,vedge_branch,10.3.73.2,
292,1743516061,,E-74-1,Meraki,MX67,meraki,16.16,hw-mx67-0001,vedge_branch,10.3.74.1,33.0
293,1743516061,81,E-74-1,Meraki,MX67,meraki,16.16,hw-mx67-0001,vedge_branch,10.3.74.1,
294,1743516061,,E-74-2,Meraki,MX67,meraki,16.16,hw-mx67-0001,vedge_branch,10.3.74.2,31.0
295,1743516061,81,E-74-2,Meraki,MX67,meraki,16.16,hw-mx67-0001,vedge_branch,10.3.74.2,
296,1743516061,,E-75-1,Meraki,MX67,meraki,16.16,hw-mx67-0001,vedge_branch,10.3.75.1,31.0
297,1743516061,80,E-75-1,Meraki,MX67,meraki,16.16,hw-mx67-0001,vedge_branch,10.3.75.1,
298,1743516061,,E-75-2,Meraki,MX67,meraki,16.16,hw-mx67-0001,vedge_branch,10.3.75.2,34.0
299,1743516061,80,E-75-2,Meraki,MX67,meraki,16.16,hw-mx67-0001,vedge_branch,10.3.75.2,
300,1743516061,,E-76-1,Meraki,MX67,meraki,16.16,hw-mx67-0001,vedge_branch,10.3.76.1,30.0
301,1743516061,80,E-76-1,Meraki,MX67,meraki,16.16,hw-mx67-0001,vedge_branch,10.3.76.1,
302,1743516061,,E-76-2,Meraki,MX67,meraki,16.16,hw-mx67-0001,vedge_branch,10.3.76.2,31.0
303,1743516061,80,E-76-2,Meraki,MX67,meraki,16.16,hw-mx67-0001,vedge_branch,10.3.76.2,
304,1743516061,,E-77-1,Meraki,MX67,meraki,16.16,hw-mx67-0001,vedge_branch,10.3.77.1,31.0
305,1743516061,80,E-77-1,Meraki,MX67,meraki,16.16,hw-mx67-0001,vedge_branch,10.3.77.1,
306,1743516061,,E-77-2,Meraki,MX67,meraki,16.16,hw-mx67-0001,vedge_branch,10.3.77.2,34.0
307,1743516061,81,E-77-2,Meraki,MX67,meraki,16.16,hw-mx67-0001,vedge_branch,10.3.77.2,
308,1743516061,,E-78-1,Meraki,MX67,meraki,16.16,hw-mx67-0001,vedge_branch,10.3.78.1,34.0
309,1743516061,81,E-78-1,Meraki,MX67,meraki,16.16,hw-mx67-0001,vedge_branch,10.3.78.1,
310,1743516061,,E-78-2,Meraki,MX67,meraki,16.16,hw-mx67-0001,vedge_branch,10.3.78.2,32.0
311,1743516061,80,E-78-2,Meraki,MX67,meraki,16.16,hw-mx67-0001,vedge_branch,10.3.78.2,
312,1743516061,,E-79-1,Meraki,MX67,meraki,16.16,hw-mx67-0001,vedge_branch,10.3.79.1,33.0
313,1743516061,81,E-79-1,Meraki,MX67,meraki,16.16,hw-mx67-0001,vedge_branch,10.3.79.1,
314,1743516061,,E-79-2,Meraki,MX67,meraki,16.16,hw-mx67-0001,vedge_branch,10.3.79.2,34.0
315,1743516061,80,E-79-2,Meraki,MX67,meraki,16.16,hw-mx67-0001,vedge_branch,10.3.79.2,
316,1743516061,,E-80-1,Meraki,MX67,meraki,16.16,hw-mx67-0001,vedge_branch,10.3.80.1,31.0
317,1743516061,81,E-80-1,Meraki,MX67,meraki,16.16,hw-mx67-0001,vedge_branch,10.3.80.1,
318,1743516061,,E-80-2,Meraki,MX67,meraki,16.16,hw-mx67-0001,vedge_branch,10.3.80.2,32.0
319,1743516061,80,E-80-2,Meraki,MX67,meraki,16.16,hw-mx67-0001,vedge_branch,10.3.80.2,
320,1743516061,,E-81-1,Meraki,MX67,meraki,16.16,hw-mx67-0001,vedge_branch,10.3.81.1,33.0
321,1743516061,80,E-81-1,Meraki,MX67,meraki,16.16,hw-mx67-0001,vedge_branch,10.3.81.1,
322,1743516061,,E-81-2,Meraki,MX67,meraki,16.16,hw-mx67-0001,vedge_branch,10.3.81.2,30.0
323,1743516061,81,E-81-2,Meraki,MX67,meraki,16.16,hw-mx67-0001,vedge_branch,10.3.81.2,
324,1743516061,,E-82-1,Meraki,MX67,meraki,16.16,hw-mx67-0001,vedge_branch,10.3.82.1,34.0
325,1743516061,80,E-82-1,Meraki,MX67,meraki,16.16,hw-mx67-0001,vedge_branch,10.3.82.1,
326,1743516061,,E-82-2,Meraki,MX67,meraki,16.16,hw-mx67-0001,vedge_branch,10.3.82.2,33.0
327,1743516061,81,E-82-2,Meraki,MX67,meraki,16.16,hw-mx67-0001,vedge_branch,10.3.82.2,
328,1743516061,,E-83-1,Meraki,MX67,meraki,16.16,hw-mx67-0001,vedge_branch,10.3.83.1,34.0
329,1743516061,81,E-83-1,Meraki,MX67,meraki,16.16,hw-mx67-0001,vedge_branch,10.3.83.1,
330,1743516061,,E-83-2,Meraki,MX67,meraki,16.16,hw-mx67-0001,vedge_branch,10.3.83.2,30.0
331,1743516061,80,E-83-2,Meraki,MX67,meraki,16.16,hw-mx67-0001,vedge_branch,10.3.83.2,
332,1743516061,,E-84-1,Meraki,MX67,meraki,16.16,hw-mx67-0001,vedge_branch,10.3.84.1,30.0
333,1743516061,81,E-84-1,Meraki,MX67,meraki,16.16,hw-mx67-0001,vedge_branch,10.3.84.1,
334,1743516061,,E-84-2,Meraki,MX67,meraki,16.16,hw-mx67-0001,vedge_branch,10.3.84.2,31.0
335,1743516061,81,E-84-2,Meraki,MX67,meraki,16.16,hw-mx67-0001,vedge_branch,10.3.84.2,
336,1743516061,,E-85-1,Meraki,MX67,meraki,16.16,hw-mx67-0001,vedge_branch,10.3.85.1,32.0
337,1743516061,81,E-85-1,Meraki,MX67,meraki,16.16,hw-mx67-0001,vedge_branch,10.3.85.1,
338,1743516061,,E-85-2,Meraki,MX67,meraki,16.16,hw-mx67-0001,vedge_branch,10.3.85.2,34.0
339,1743516061,80,E-85-2,Meraki,MX67,meraki,16.16,hw-mx67-0001,vedge_branch,10.3.85.2,
340,1743516061,,E-86-1,Meraki,MX67,meraki,16.16,hw-mx67-0001,vedge_branch,10.3.86.1,34.0
341,1743516061,80,E-86-1,Meraki,MX67,meraki,16.16,hw-mx67-0001,vedge_branch,10.3.86.1,
342,1743516061,,E-86-2,Meraki,MX67,meraki,16.16,hw-mx67-0001,vedge_branch,10.3.86.2,31.0
343,1743516061,81,E-86-2,Meraki,MX67,meraki,16.16,hw-mx67-0001,vedge_branch,10.3.86.2,
344,1743516061,,E-87-1,Meraki,MX67,meraki,16.16,hw-mx67-0001,vedge_branch,10.3.87.1,31.0
345,1743516061,80,E-87-1,Meraki,MX67,meraki,16.16,hw-mx67-0001,vedge_branch,10.3.87.1,
346,1743516061,,E-87-2,Meraki,MX67,meraki,16.16,hw-mx67-0001,vedge_branch,10.3.87.2,33.0
347,1743516061,80,E-87-2,Meraki,MX67,meraki,16.16,hw-mx67-0001,vedge_branch,10.3.87.2,
348,1743516061,,E-88-1,Meraki,MX67,meraki,16.16,hw-mx67-0001,vedge_branch,10.3.88.1,34.0
349,1743516061,81,E-88-1,Meraki,MX67,meraki,16.16,hw-mx67-0001,vedge_branch,10.3.88.1,
350,1743516061,,E-88-2,Meraki,MX67,meraki,16.16,hw-mx67-0001,vedge_branch,10.3.88.2,34.0
351,1743516061,81,E-88-2,Meraki,MX67,meraki,16.16,hw-mx67-0001,vedge_branch,10.3.88.2,
352,1743516061,,E-89-1,Meraki,MX67,meraki,16.16,hw-mx67-0001,vedge_branch,10.3.89.1,32.0
353,1743516061,80,E-89-1,Meraki,MX67,meraki,16.16,hw-mx67-0001,vedge_branch,10.3.89.1,
354,1743516061,,E-89-2,Meraki,MX67,meraki,16.16,hw-mx67-0001,vedge_branch,10.3.89.2,30.0
355,1743516061,81,E-89-2,Meraki,MX67,meraki,16.16,hw-mx67-0001,vedge_branch,10.3.89.2,
356,1743516061,,E-90-1,Meraki,MX67,meraki,16.16,hw-mx67-0001,vedge_branch,10.3.90.1,31.0
357,1743516061,81,E-90-1,Meraki,MX67,meraki,16.16,hw-mx67-0001,vedge_branch,10.3.90.1,
358,1743516061,,E-90-2,Meraki,MX67,meraki,16.16,hw-mx67-0001,vedge_branch,10.3.90.2,31.0
359,1743516061,81,E-90-2,Meraki,MX67,meraki,16.16,hw-mx67-0001,vedge_branch,10.3.90.2,
360,1743516061,,E-91-1,Meraki,MX67,meraki,16.16,hw-mx67-0001,vedge_branch,10.3.91.1,33.0
361,1743516061,80,E-91-1,Meraki,MX67,meraki,16.16,hw-mx67-0001,vedge_branch,10.3.91.1,
362,1743516061,,E-91-2,Meraki,MX67,meraki,16.16,hw-mx67-0001,vedge_branch,10.3.91.2,31.0
363,1743516061,80,E-91-2,Meraki,MX67,meraki,16.16,hw-mx67-0001,vedge_branch,10.3.91.2,
364,1743516061,,E-92-1,Meraki,MX67,meraki,16.16,hw-mx67-0001,vedge_branch,10.3.92.1,32.0
365,1743516061,81,E-92-1,Meraki,MX67,meraki,16.16,hw-mx67-0001,vedge_branch,10.3.92.1,
366,1743516061,,E-92-2,Meraki,MX67,meraki,16.16,hw-mx67-0001,vedge_branch,10.3.92.2,31.0
367,1743516061,80,E-92-2,Meraki,MX67,meraki,16.16,hw-mx67-0001,vedge_branch,10.3.92.2,
368,1743516061,,E-93-1,Meraki,MX67,meraki,16.16,hw-mx67-0001,vedge_branch,10.3.93.1,31.0
369,1743516061,80,E-93-1,Meraki,MX67,meraki,16.16,hw-mx67-0001,vedge_branch,10.3.93.1,
370,1743516061,,E-93-2,Meraki,MX67,meraki,16.16,hw-mx67-0001,vedge_branch,10.3.93.2,33.0
371,1743516061,81,E-93-2,Meraki,MX67,meraki,16.16,hw-mx67-0001,vedge_branch,10.3.93.2,
372,1743516061,,E-94-1,Meraki,MX67,meraki,16.16,hw-mx67-0001,vedge_branch,10.3.94.1,32.0
373,1743516061,80,E-94-1,Meraki,MX67,meraki,16.16,hw-mx67-0001,vedge_branch,10.3.94.1,
374,1743516061,,E-94-2,Meraki,MX67,meraki,16.16,hw-mx67-0001,vedge_branch,10.3.94.2,34.0
375,1743516061,80,E-94-2,Meraki,MX67,meraki,16.16,hw-mx67-0001,vedge_branch,10.3.94.2,
376,1743516061,,E-95-1,Meraki,MX67,meraki,16.16,hw-mx67-0001,vedge_branch,10.3.95.1,30.0
377,1743516061,80,E-95-1,Meraki,MX67,meraki,16.16,hw-mx67-0001,vedge_branch,10.3.95.1,
378,1743516061,,E-95-2,Meraki,MX67,meraki,16.16,hw-mx67-0001,vedge_branch,10.3.95.2,32.0
379,1743516061,81,E-95-2,Meraki,MX67,meraki,16.16,hw-mx67-0001,vedge_branch,10.3.95.2,
380,1743516061,,E-96-1,Meraki,MX67,meraki,16.17,hw-mx67-0001,vedge_branch,10.3.96.1,31.0
381,1743516061,81,E-96-1,Meraki,MX67,meraki,16.17,hw-mx67-0001,vedge_branch,10.3.96.1,
382,1743516061,,E-96-2,Meraki,MX67,meraki,16.17,hw-mx67-0001,vedge_branch,10.3.96.2,31.0
383,1743516061,80,E-96-2,Meraki,MX67,meraki,16.17,hw-mx67-0001,vedge_branch,10.3.96.2,
384,1743516061,,E-97-1,Meraki,MX67,meraki,16.17,hw-mx67-0001,vedge_branch,10.3.97.1,30.0
385,1743516061,81,E-97-1,Meraki,MX67,meraki,16.17,hw-mx67-0001,vedge_branch,10.3.97.1,
386,1743516061,,E-97-2,Meraki,MX67,meraki,16.17,hw-mx67-0001,vedge_branch,10.3.97.2,30.0
387,1743516061,80,E-97-2,Meraki,MX67,meraki,16.17,hw-mx67-0001,vedge_branch,10.3.97.2,
388,1743516061,,E-98-1,Meraki,MX67,meraki,16.17,hw-mx67-0001,vedge_branch,10.3.98.1,30.0
389,1743516061,10,E-98-1,Meraki,MX67,meraki,16.17,hw-mx67-0001,vedge_branch,10.3.98.1,
390,1743516061,,E-98-2,Meraki,MX67,meraki,16.17,hw-mx67-0001,vedge_branch,10.3.98.2,30.0
391,1743516061,11,E-98-2,Meraki,MX67,meraki,16.17,hw-mx67-0001,vedge_branch,10.3.98.2,
392,1743516061,,E-99-1,Meraki,MX67,meraki,16.17,hw-mx67-0001,vedge_branch,10.3.99.1,34.0
393,1743516061,11,E-99-1,Meraki,MX67,meraki,16.17,hw-mx67-0001,vedge_branch,10.3.99.1,
394,1743516061,,E-99-2,Meraki,MX67,meraki,16.17,hw-mx67-0001,vedge_branch,10.3.99.2,33.0
395,1743516061,11,E-99-2,Meraki,MX67,meraki,16.17,hw-mx67-0001,vedge_branch,10.3.99.2,
396,1743516061,,E-100-1,Meraki,MX450,meraki,18.101,hw-mx450-0002,vedge_hub,10.3.100.1,79.0
397,1743516061,31,E-100-1,Meraki,MX450,meraki,18.101,hw-mx450-0002,vedge_hub,10.3.100.1,
398,1743516061,,E-100-2,Meraki,MX450,meraki,18.101,hw-mx450-0002,vedge_hub,10.3.100.2,75.0
399,1743516061,33,E-100-2,Meraki,MX450,meraki,18.101,hw-mx450-0002,vedge_hub,10.3.100.2,
